Source File	Size	loadResources	load	generateSnapshots	load-configure	scan	loadDepInfo	loadInfo	checkR4R4B	generateNarratives	validate	loadLists	checkConformanceResources	checkConformanceResources2	checkConformanceResources3	generateLogicalMaps	validateExpressions	scanForUsageStats	checkURLsUnique	processProvenanceDetails	generate1	generate2	generateLogicals	makeDependencies	generateExampleZip	generateValidationPack	scanProfilesForR5	scanExamplesForR5
/fsh-generated/resources/ImplementationGuide-hl7.fhir.be.patient-monitoring.json	11175	-	0	0	0	0	0	0	8	270	0	0	0	0	0	0	0	1	0	0	104	132	0	0	1	4	0	1
fsh-generated/resources/Observation-AbdominalPainExample.json	1223	9	0	0	1	0	0	0	0	772	0	0	0	0	0	0	0	0	0	0	17	25	0	0	0	0	0	0
fsh-generated/resources/Observation-BloodPressureExample.json	2344	6	0	0	0	0	0	0	0	96	0	0	0	0	0	0	0	0	0	0	19	29	0	0	0	0	0	0
fsh-generated/resources/Observation-BloodPressureExample2.json	2219	6	0	0	0	0	0	0	0	4	0	0	0	0	0	0	0	1	0	0	19	14	0	0	0	0	0	0
fsh-generated/resources/Observation-BodyTemperatureExample.json	1695	5	0	0	1	0	0	0	1	83	0	0	0	0	0	0	0	0	0	0	17	11	0	0	0	0	0	0
fsh-generated/resources/Observation-BodyTemperatureExample2.json	1182	5	0	0	0	0	0	0	0	3	0	0	0	0	0	0	0	0	0	0	11	13	0	0	0	0	0	0
fsh-generated/resources/Observation-BodyWeightExample.json	1687	6	0	0	0	0	0	0	0	81	0	0	0	0	0	0	0	0	0	0	14	16	0	0	0	0	0	0
fsh-generated/resources/Observation-BodyWeightExample2.json	1174	5	0	0	0	0	0	0	0	2	0	0	0	0	0	0	0	0	0	0	15	14	0	0	0	0	0	0
fsh-generated/resources/Observation-CatheterMovedOrRemovedExample.json	1225	5	0	0	0	0	0	0	0	81	0	0	0	0	0	0	0	0	0	0	11	9	0	0	0	0	0	0
fsh-generated/resources/Observation-DiarrheaExample.json	1222	5	0	0	0	0	0	0	0	156	0	0	0	0	0	0	0	0	0	0	10	15	0	0	0	0	0	0
fsh-generated/resources/Observation-DistendedAbdomenExample.json	1225	5	0	0	1	0	0	0	1	162	0	0	0	0	0	0	0	0	0	0	9	16	0	0	0	0	0	0
fsh-generated/resources/Observation-HeartRateExample.json	1685	5	0	0	0	0	0	0	0	93	0	0	0	0	0	0	0	0	0	0	10	17	0	0	0	0	0	0
fsh-generated/resources/Observation-HeartRateExample2.json	1172	4	0	0	0	0	0	0	0	2	0	0	0	0	0	0	0	0	0	0	14	16	0	0	0	0	0	0
fsh-generated/resources/Observation-LeakageCatheterExample.json	1218	5	0	0	0	0	0	0	0	2	0	0	0	0	0	0	0	0	0	0	10	14	0	0	0	0	0	0
fsh-generated/resources/Observation-LevelOfResponsivenessExample.json	1224	5	0	0	0	0	0	0	0	168	0	0	0	0	0	0	0	0	0	0	15	9	0	0	0	0	0	0
fsh-generated/resources/Observation-NationalEarlyWarningScoreExample.json	1141	5	0	0	1	0	0	0	1	77	0	0	0	0	0	0	0	0	0	0	14	8	0	0	0	0	0	0
fsh-generated/resources/Observation-NauseaExample.json	1215	4	0	0	0	0	0	0	0	3	0	0	0	0	0	0	0	0	0	0	9	9	0	0	0	0	0	0
fsh-generated/resources/Observation-OrthopneuExample.json	1225	5	0	0	0	0	0	0	0	174	0	0	0	0	0	0	0	0	0	0	9	8	0	0	0	0	0	0
fsh-generated/resources/Observation-OxygenSaturationExample.json	1870	5	0	0	0	0	0	0	0	92	0	0	0	0	0	0	0	0	0	0	12	9	0	0	0	0	0	0
fsh-generated/resources/Observation-OxygenSaturationExample2.json	1200	5	0	0	0	0	0	0	0	2	0	0	0	0	0	0	0	0	0	0	8	7	0	0	0	0	0	0
fsh-generated/resources/Observation-PainDuringUrinationExample.json	847	5	0	0	1	0	0	0	0	171	0	0	0	0	0	0	0	0	0	0	13	12	0	0	0	0	0	0
fsh-generated/resources/Observation-PainInCalvesExample.json	842	4	0	0	0	0	0	0	0	77	0	0	0	0	0	0	0	0	0	0	9	7	0	0	0	0	0	1
fsh-generated/resources/Observation-PainInfectionSiteExample.json	1220	5	0	0	0	0	0	0	1	2	0	0	0	0	0	0	0	0	0	0	10	10	0	0	0	0	0	0
fsh-generated/resources/Observation-PainPunctureWoundsExample.json	1229	5	0	0	0	0	0	0	0	76	0	0	0	0	0	0	0	0	0	0	8	13	0	0	0	0	0	0
fsh-generated/resources/Observation-PainSurgicalWoundsExample.json	1221	5	0	0	0	0	0	0	0	2	0	0	0	0	0	0	0	0	0	0	9	12	0	0	0	0	0	0
fsh-generated/resources/Observation-RednessPunctureWoundsExample.json	1224	4	0	0	0	0	0	0	0	1	0	0	0	0	0	0	0	0	0	0	10	8	0	0	0	0	0	0
fsh-generated/resources/Observation-ReducedAppetiteExample.json	1231	5	0	0	1	0	0	0	0	82	0	0	0	0	0	0	0	0	0	0	9	7	0	0	0	0	0	0
fsh-generated/resources/Observation-RespiratoryRateExample.json	1766	5	0	0	0	0	0	0	0	3	0	0	0	0	0	0	0	0	0	0	10	8	0	0	0	0	0	0
fsh-generated/resources/Observation-RespiratoryRateExample2.json	1196	5	0	0	0	0	0	0	1	2	0	0	0	0	0	0	0	0	0	0	9	7	0	0	0	0	0	0
fsh-generated/resources/Observation-ShortnessOfBreathExample.json	1234	5	0	0	0	0	0	0	0	2	0	0	0	0	0	0	0	0	0	0	15	8	0	0	0	0	0	0
fsh-generated/resources/Observation-ShoulderPainExample.json	1227	6	0	0	0	0	0	0	0	154	0	0	0	0	0	0	0	0	0	0	14	8	0	0	0	0	0	0
